Open,High,Low,Close,Adj Close,Volume,Returns_t-1,monthly_return
1.421875,1.496094,1.3359379999999998,1.421875,0.88807,191907200,0.88807,0.0
1.4296879999999998,1.464844,1.359375,1.394531,0.870992,118300800,0.88807,-0.019230466066864182
1.3984379999999998,1.515625,1.390625,1.464844,0.9163209999999999,105974400,0.870992,0.05204295791465352
1.46875,1.648438,1.421875,1.636719,1.023836,126944000,0.9163209999999999,0.1173333362435216
1.671875,1.7695310000000002,1.65625,1.7070310000000002,1.067819,111020800,1.023836,0.042959028594423465
1.742188,1.742188,1.46875,1.546875,0.9689030000000001,223401600,1.067819,-0.0926336766811604
1.5625,1.621094,1.515625,1.6171879999999998,1.012944,105872000,0.9689030000000001,0.04545449854113359
1.613281,1.6171879999999998,1.480469,1.4921879999999998,0.93594,88809600,1.012944,-0.07601999715680241
1.4921879999999998,1.734375,1.488281,1.65625,1.038844,102467200,0.93594,0.10994721883881464
1.648438,1.882813,1.6328129999999998,1.851563,1.16135,103427200,1.038844,0.11792530928609102
1.84375,2.15625,1.84375,1.992188,1.249554,137267200,1.16135,0.07594954148189603
1.992188,2.078125,1.820313,2.007813,1.260813,122196800,1.249554,0.009010414916041931
2.007813,2.140625,1.875,2.125,1.334402,169907200,1.260813,0.05836630808851129
2.140625,2.5625,2.125,2.460938,1.545355,161064000,1.334402,0.15808804243398922
2.445313,2.679688,2.25,2.53125,1.591183,113136000,1.545355,0.029655321916323363
2.507813,3.109375,2.4375,2.992188,1.8809369999999999,163592000,1.591183,0.1820997333430534
2.976563,3.273438,2.9375,3.242188,2.03809,139720000,1.8809369999999999,0.08355037941196342
3.296875,3.546875,2.695313,2.90625,1.828482,185680000,2.03809,-0.10284531105103312
2.890625,2.976563,2.726563,2.9375,1.848143,125603200,1.828482,0.010752635246067621
2.9375,2.953125,2.445313,2.625,1.653075,170075200,1.848143,-0.10554810964303085
2.671875,2.882813,2.625,2.804688,1.766232,95889600,1.653075,0.06845242956308684
2.804688,2.984375,2.710938,2.976563,1.874469,105420800,1.766232,0.06128130392836262
2.976563,3.09375,2.804688,2.90625,1.8301900000000002,135828800,1.874469,-0.023622156461376442
2.929688,3.3203129999999996,2.914063,3.03125,1.910549,180057600,1.8301900000000002,0.04390746315956262
3.03125,3.4609379999999996,3.023438,3.421875,2.1567529999999997,118136000,1.910549,0.1288655773811609
3.46875,3.7734379999999996,3.4453129999999996,3.59375,2.265084,153848000,2.1567529999999997,0.050228746639044974
3.53125,3.7109379999999996,3.2890629999999996,3.5390629999999996,2.232981,156960000,2.265084,-0.014172984313164494
3.515625,3.671875,3.3203129999999996,3.65625,2.306921,135486400,2.232981,0.03311268658354005
3.671875,4.367188,3.609375,4.226563,2.666762,173796800,2.306921,0.15598323479651
4.203125,4.734375,4.117188,4.65625,2.9406369999999997,172352000,2.666762,0.10269945349453757
4.625,5.359375,4.59375,5.0625,3.197202,177576800,2.9406369999999997,0.08724810304706088
5.078125,5.125,4.28125,4.734375,2.992165,168880800,3.197202,-0.06413013628791675
4.765625,4.859375,2.75,3.453125,2.182404,292547200,2.992165,-0.2706271211647753
3.421875,3.703125,2.84375,3.0,1.896025,162136800,2.182404,-0.1312218086110546
3.0,3.390625,2.5,3.25,2.054027,206486400,1.896025,0.0833332893817329
3.265625,3.578125,3.03125,3.421875,2.165658,119509600,2.054027,0.05434738686492446
3.46875,3.671875,3.140625,3.671875,2.32388,111688000,2.165658,0.0730595504922753
3.6875,3.84375,3.421875,3.515625,2.224992,126233600,2.32388,-0.042552971754135416
3.484375,3.75,3.375,3.46875,2.198256,87368000,2.224992,-0.01201622297967797
3.46875,3.5625,3.234375,3.53125,2.237864,90969600,2.198256,0.01801791965994859
3.546875,3.828125,3.53125,3.828125,2.4260029999999997,134989600,2.237864,0.0840707925057107
3.828125,4.234375,3.75,4.109375,2.6078069999999998,126448800,2.4260029999999997,0.07493972596076759
4.078125,4.140625,3.703125,3.75,2.379747,85442400,2.6078069999999998,-0.08745279079318358
3.78125,4.0625,3.59375,4.03125,2.561601,95676000,2.379747,0.0764173670562458
4.03125,4.171875,3.859375,3.921875,2.492101,94461600,2.561601,-0.027131469733186475
3.921875,3.953125,3.65625,3.78125,2.402743,92636800,2.492101,-0.03585649217266873
3.78125,3.96875,3.703125,3.921875,2.492101,85762400,2.402743,0.03718999493495545
3.859375,4.21875,3.75,4.21875,2.684339,100060000,2.492101,0.0771389281574062
4.203125,4.375,3.953125,3.984375,2.5352099999999997,85315200,2.684339,-0.05555520372054357
3.984375,4.234375,3.921875,4.0625,2.584921,113840000,2.5352099999999997,0.01960823758189667
4.0625,4.546875,4.03125,4.5,2.867952,96506400,2.584921,0.10949309475995594
4.4375,4.984375,4.28125,4.734375,3.017325,123687200,2.867952,0.05208350767376868
4.765625,5.09375,4.703125,4.765625,3.037242,114704000,3.017325,0.006600879918470914
4.78125,5.40625,4.71875,5.40625,3.4502699999999997,82736800,3.037242,0.1359878468689686
5.390625,5.484375,5.03125,5.28125,3.3704970000000003,131009600,3.4502699999999997,-0.02312079924179833
5.28125,5.296875,4.890625,5.125,3.275026,93068800,3.3704970000000003,-0.02832549621020286
5.125,5.5,4.625,5.1875,3.3149660000000005,143046400,3.275026,0.012195323029496663
5.15625,5.484375,5.0,5.453125,3.4847099999999998,78205600,3.3149660000000005,0.05120535172909735
5.46875,5.609375,5.28125,5.609375,3.5845580000000004,78972000,3.4847099999999998,0.028653173434805446
5.59375,5.921875,5.140625,5.328125,3.409032,116814400,3.5845580000000004,-0.048967264583248626
5.296875,5.5625,5.046875,5.5,3.5190010000000003,78285600,3.409032,0.03225813075383299
5.5,5.953125,5.484375,5.90625,3.778928,95044800,3.5190010000000003,0.0738638607945834
5.875,6.484375,5.84375,6.203125,3.9747589999999997,96115200,3.778928,0.051821839421126725
6.25,7.1875,6.203125,7.046875,4.515408,136082400,3.9747589999999997,0.13602057382598542
7.09375,7.953125,7.0625,7.796875,4.995986,158752800,4.515408,0.10643069242026426
7.828125,9.1875,7.5625,7.84375,5.0319400000000005,207493200,4.995986,0.007196577412346583
7.71875,7.8125,6.21875,7.125,4.5708470000000005,217812400,5.0319400000000005,-0.09163324681931817
7.0,7.21875,6.40625,6.8125,4.376071,107956000,4.5708470000000005,-0.04261267113075562
6.9375,7.5,6.21875,6.6875,4.295775,163780800,4.376071,-0.01834887962283971
6.71875,7.5625,6.5625,7.53125,4.8377669999999995,90453200,4.295775,0.12616861916650657
7.6875,8.25,7.34375,7.5625,4.85784,91630000,4.8377669999999995,0.004149228352667844
7.5,8.25,7.125,8.25,5.305473999999999,122999600,4.85784,0.09214671541261121
8.3125,9.53125,8.1875,8.84375,5.687311,143195600,5.305473999999999,0.0719703837960568
8.8125,9.96875,8.6875,9.6875,6.229914,103148400,5.687311,0.09540589568602797
9.71875,11.0625,9.625,10.125,6.518667,112803600,6.229914,0.04634943596332142
10.1875,10.71875,9.96875,10.71875,6.900932000000001,102512800,6.518667,0.05864159037422856
10.6875,10.96875,10.28125,10.6875,6.880814,83916000,6.900932000000001,-0.002915258402778176
10.75,11.9375,10.75,11.90625,7.673118,104608800,6.880814,0.1151468416382131
11.84375,12.96875,11.125,12.65625,8.156464999999999,137896400,7.673118,0.06299225425700472
12.65625,12.75,11.65625,11.9375,7.699821000000001,94159600,8.156464999999999,-0.055985528044318
12.0,12.40625,11.3125,11.5625,7.457946000000001,102027200,7.699821000000001,-0.031413067914176196
11.5625,12.75,11.34375,12.21875,7.881231,100899600,7.457946000000001,0.05675624360916509
12.0625,14.96875,12.03125,14.71875,9.493756,130064400,7.881231,0.2046031895271183
14.625,14.875,13.34375,13.46875,8.694747,152891200,9.493756,-0.0841615267971918
13.46875,14.125,12.53125,13.5,8.714919,111859200,8.694747,0.0023200215026384363
13.5,13.625,13.0,13.3125,8.593884,91186800,8.714919,-0.013888253006138163
13.21875,13.8125,12.625,13.0625,8.440752999999999,118958800,8.593884,-0.017818602159396124
13.0625,13.5,12.78125,13.25,8.561908,86198400,8.440752999999999,0.014353577222316671
13.25,13.96875,13.0625,13.4375,8.683069999999999,92739600,8.561908,0.014151284970592704
13.46875,14.0625,13.3125,13.96875,9.035032000000001,91216800,8.683069999999999,0.04053428107800605
13.9375,14.8125,13.78125,14.28125,9.237160000000001,70438800,9.035032000000001,0.022371586509046137
14.25,14.875,14.1875,14.78125,9.560566,70282800,9.237160000000001,0.03501141043350975
14.75,15.5625,13.84375,15.21875,9.852511999999999,93315200,9.560566,0.030536476606092045
15.21875,16.15625,15.03125,16.09375,10.418973,83831200,9.852511999999999,0.05749406851775474
16.03125,16.46875,15.59375,16.0,10.358283,100028400,10.418973,-0.005824950309401777
16.03125,16.34375,14.625,16.28125,10.549038000000001,157607200,10.358283,0.018415696887215782
16.28125,16.84375,14.6875,16.25,10.528789,148545000,10.549038000000001,-0.001919511523230999
16.4375,17.0625,15.0,15.875,10.285815,169356400,10.528789,-0.02307710791810913
16.0,16.125,12.875,13.375,8.674255,246302000,10.285815,-0.15667791030657263
13.25,14.25,12.9375,13.9375,9.039064999999999,139323400,8.674255,0.04205663771701418
13.875,14.1875,11.8125,13.125,8.512122999999999,163428400,9.039064999999999,-0.0582960737642666
13.0625,13.4375,12.3125,12.6875,8.238288,80628400,8.512122999999999,-0.03217000036301143
12.75,13.25,12.375,12.875,8.360033,101939200,8.238288,0.014777949010765123
12.8125,12.9375,11.5,12.3125,8.004688999999999,130600200,8.360033,-0.04250509537462355
12.25,13.75,12.0625,13.1875,8.573546,110966800,8.004688999999999,0.07106547175037048
13.0625,15.25,13.0,14.3125,9.304939,122660200,8.573546,0.08530810938671096
14.3125,14.4375,12.5,12.5,8.135411999999999,95352000,9.304939,-0.1256888411627417
12.6875,13.5,12.0625,13.25,8.623538,112135800,8.135411999999999,0.060000157336838056
13.5625,14.5625,13.3125,14.1875,9.2337,101791600,8.623538,0.07075541384522221
14.1875,14.625,12.1875,12.9375,8.42015,111439000,9.2337,-0.08810660948482196
12.5625,13.5,11.75,12.625,8.229109,101115800,8.42015,-0.022688550679025976
12.625,12.8125,11.1875,11.75,7.658774,117105400,8.229109,-0.06930701732107314
11.8125,12.8125,11.1875,12.125,7.903206,109167800,7.658774,0.03191529088075984
12.375,13.125,11.9375,12.5,8.162065,79164200,7.903206,0.03275366983980943
12.5,12.75,11.8125,12.3125,8.039639,102976600,8.162065,-0.014999390472876795
12.375,13.0,11.5,11.6875,7.644633,122978800,8.039639,-0.049132305567451406
11.8125,12.1875,11.25,11.75,7.685519,87277000,7.644633,0.005348327382099338
11.75,12.25,11.25,11.625,7.603758999999999,123955600,7.685519,-0.010638188520515124
11.5625,11.625,10.5,10.625,6.9619800000000005,153246600,7.603758999999999,-0.08440285916478929
10.6875,11.625,10.25,11.4375,7.494366,136212000,6.9619800000000005,0.07647048684425983
11.5625,12.125,11.4375,11.875,7.781041,106559600,7.494366,0.03825206828703043
11.9375,12.9375,11.875,12.8125,8.395328999999998,134599200,7.781041,0.07894676303594839
12.8125,13.0625,11.6875,11.875,7.796711999999999,116585600,8.395328999999998,-0.07130357845416169
11.75,12.8125,11.375,12.4375,8.166028,146709400,7.796711999999999,0.047368172634823624
12.5,13.5,12.25,13.375,8.781563,142376000,8.166028,0.07537752748337367
13.375,13.8125,12.8125,13.3125,8.757781,109302400,8.781563,-0.0027081739321349607
13.3125,13.3125,12.125,12.25,8.058803,132467800,8.757781,-0.07981222640757979
12.3125,12.9375,12.3125,12.375,8.157349,121403800,8.058803,0.012228366917518718
12.3125,12.4375,10.75,10.8125,7.127381,195144800,8.157349,-0.12626258849535554
10.8125,12.5,10.8125,12.0,7.910158999999999,134228200,7.127381,0.10982687750240938
12.0625,12.25,11.0625,11.125,7.348372,127829800,7.910158999999999,-0.07102094913642054
11.125,12.0625,9.546875,10.1875,6.729128,241488400,7.348372,-0.08426954977238499
10.125,11.4375,10.0625,10.625,7.018111,181546000,6.729128,0.04294508887332804
10.75,12.375,10.5,11.5,7.596067,190733400,7.018111,0.08235207451121807
11.625,11.9375,10.75,11.9375,7.902446,145831800,7.596067,0.04033389910857821
11.9375,13.1875,11.625,12.9375,8.564432,179406600,7.902446,0.08376975938842213
13.0,13.25,12.3125,12.6875,8.398939,139950200,8.564432,-0.01932328962387697
12.6875,12.6875,10.875,12.0,7.959735,111353200,8.398939,-0.05229279555429567
12.0,14.0,12.0,13.1875,8.747419,155163000,7.959735,0.09895857085694448
13.0,14.0,12.8125,13.1875,8.764380000000001,107892000,8.747419,0.0019389719413234197
13.0,14.125,12.75,13.25,8.805919,122870400,8.764380000000001,0.004739525214561446
13.375,13.5625,12.0,12.75,8.473616,163109200,8.805919,-0.037736322580300796
12.8125,13.0625,11.375,11.375,7.559799000000001,141203000,8.473616,-0.1078426258636217
11.5,12.125,11.0,11.875,7.908799,191456000,7.559799000000001,0.04616524857340765
11.875,13.5,11.5,13.1875,8.782921,172880800,7.908799,0.11052525168486382
13.125,14.9375,13.125,13.9375,9.282425,228633600,8.782921,0.05687219548029643
13.8125,14.4375,13.5,14.0625,9.387883,137624200,9.282425,0.011361039814488105
14.0,15.3125,13.9375,14.9375,9.972017999999998,141164600,9.387883,0.06222222837672753
15.0,16.96875,14.9375,16.90625,11.286324,144739800,9.972017999999998,0.1317994010841137
16.96875,19.5625,16.59375,18.75,12.542736999999999,168500800,11.286324,0.11132171998606433
18.75,19.5,17.375,17.75,11.873792,130566000,12.542736999999999,-0.053333255731982554
17.96875,19.78125,17.90625,18.3125,12.250062,122852200,11.873792,0.03168911835410282
18.46875,18.625,15.125,17.5,11.727399,138812600,12.250062,-0.042666151403968344
18.3125,20.4375,17.875,20.03125,13.423681,108122600,11.727399,0.14464264411912642
20.125,20.96875,18.375,19.71875,13.214265,105818400,13.423681,-0.015600489910330917
19.71875,20.96875,18.78125,19.90625,13.362217000000001,113176600,13.214265,0.011196385118657837
20.46875,23.96875,20.09375,23.15625,15.543806,109165400,13.362217000000001,0.1632654970354095
23.34375,26.125,23.25,25.40625,17.054136,136236400,15.543806,0.09716603513965616
25.40625,26.96875,24.09375,25.28125,16.995993,119430600,17.054136,-0.0034093195926196973
25.625,28.1875,24.875,27.5625,18.529631,102331600,16.995993,0.09023526898369516
27.84375,31.4375,27.6875,30.375,20.420401000000002,129212400,18.529631,0.10204034824007047
30.78125,34.84375,29.875,31.5625,21.247626999999998,133845800,20.420401000000002,0.04050978234952374
31.34375,34.90625,28.625,29.5,19.859161,166958400,21.247626999999998,-0.06534687379442405
29.75,32.375,26.9375,27.3125,18.386553,199474200,19.859161,-0.07415257875194226
27.0,34.71875,26.21875,34.53125,23.275213,193481400,18.386553,0.2658823543488549
34.65625,38.625,33.40625,37.65625,25.381546,130600000,23.275213,0.09049683025457167
37.125,41.375,35.71875,40.71875,27.445793,120595400,25.381546,0.0813286550787724
40.8125,43.21875,38.6875,43.0,29.013205,131455400,27.445793,0.057109371917218876
42.875,44.75,40.25,43.0625,29.055366999999997,130111800,29.013205,0.001453200361697382
43.5625,49.1875,41.8125,46.09375,31.100635999999998,178599600,29.055366999999997,0.07039212411256068
46.71875,53.40625,43.1875,46.0,31.069736,201200800,31.100635999999998,-0.0009935488135998094
45.875,47.625,41.0,42.625,28.790166999999997,163092500,31.069736,-0.07336943577505783
42.6875,48.5,42.1875,48.25,32.589455,130989500,28.790166999999997,0.13196477811330531
47.9375,51.0,42.25,42.25,28.570507,105348500,32.589455,-0.12332050351869961
42.3125,48.4375,38.875,44.3125,29.965215999999998,127936900,28.570507,0.04881638957264567
44.3125,48.0,43.5625,47.5625,32.162937,106449500,29.965215999999998,0.07334240474021625
48.0,58.5,47.5625,56.3125,38.120518,152005100,32.162937,0.18523124924816403
57.25,60.6875,55.0,57.625,39.009009999999996,119991500,38.120518,0.023307448235619477
57.6875,70.25,57.0,69.125,46.79388,137085100,39.009009999999996,0.19956594643135017
68.375,69.0,53.5,54.75,37.090439,135751100,46.79388,-0.2073655999459758
55.0,60.125,43.4375,48.75,33.025749,230040300,37.090439,-0.10958861932046704
49.875,60.75,45.625,56.5,38.27599,231782500,33.025749,0.15897416891286875
56.625,64.9375,51.75,55.375,37.561043,136390700,38.27599,-0.018678733064775077
56.375,60.0,49.5,57.625,39.087234,144407300,37.561043,0.04063228489155657
57.125,60.0625,51.625,57.625,39.087234,129622000,39.087234,0.0
57.25,62.9375,54.25,55.25,37.517174,107293500,39.087234,-0.04016810194346332
54.0,57.625,47.125,47.625,32.33947,192477600,37.517174,-0.13800890226966456
47.5625,54.75,46.875,48.125,32.678993,150950500,32.33947,0.010498718748328306
48.1875,48.625,41.4375,45.375,30.84589,217333800,32.678993,-0.05609423154501725
46.5,52.1875,42.5625,52.1875,35.477032,196379900,30.84589,0.1501380572906148
52.625,55.9375,46.9375,53.125,36.114342,172787800,35.477032,0.01796401683207316
53.125,58.75,50.4375,56.799999,38.660931,179925700,36.114342,0.07051461715680696
56.799999,56.799999,48.049999,50.09,34.093777,136950200,38.660931,-0.11813357521059165
49.25,51.900002,45.200001,50.5,34.372833,169447700,34.093777,0.008184954104674125
50.0,53.299999,47.41,51.740002000000004,35.268406,149743600,34.372833,0.02605467521399829
51.720001,54.75,51.0,51.75,35.27523,146569900,35.268406,0.00019348762175419587
51.540001000000004,52.450001,48.0,48.799999,33.26437,122370700,35.27523,-0.05700487282435862
48.950001,56.5,46.709998999999996,55.900002,38.158722,154027100,33.26437,0.14713496753433164
55.400002,56.77,47.240002000000004,48.049999,32.800129,151455300,38.158722,-0.14042904791203437
48.23,49.950001,42.0,49.5,33.789921,174327700,32.800129,0.0301764666840183
49.5,54.75,48.139998999999996,51.400002,35.141159,187933400,33.789921,0.03998938026519805
51.200001,56.240002000000004,50.860001000000004,55.150002,37.704952,158067900,35.141159,0.07295698471413536
55.060001,58.740002000000004,53.029999,57.549999,39.345795,135601900,37.704952,0.04351797079598474
57.650002,59.98,55.310001,59.98,41.058643,150831500,39.345795,0.04353319077680329
59.700001,62.880001,58.099998,62.009997999999996,42.448265,151688900,41.058643,0.033844810701610495
62.200001,63.939999,60.299999,61.299999,41.962246,151343400,42.448265,-0.011449678803126528
60.349998,61.849998,55.459998999999996,55.860001000000004,38.283588,173902500,41.962246,-0.087665898531742
55.599998,59.299999,53.610001000000004,54.099998,37.077381,174180400,38.283588,-0.03150715653924596
54.18,58.880001,52.0,55.009997999999996,37.701035,198082500,37.077381,0.016820335826847943
55.299999,56.700001,43.720001,49.18,33.748699,256873400,37.701035,-0.10483362061545509
49.0,54.790001000000004,45.189999,53.48,36.699478000000006,216148600,33.748699,0.08743385930225056
52.849998,57.0,48.099998,49.240002000000004,33.78986,189286100,36.699478000000006,-0.07928227208027339
49.240002000000004,58.02,48.549999,53.549999,36.798378,281372000,33.78986,0.08903611911975973
53.59,56.200001,52.57,53.900002,37.038876,172707800,36.798378,0.006535559801032598
55.959998999999996,56.740002000000004,48.950001,50.509997999999996,34.709365999999996,172622000,37.038876,-0.0628936472046292
50.650002,52.18,46.919998,47.799999,32.895538,177204400,34.709365999999996,-0.05225759525541307
47.77,49.790001000000004,46.25,48.060001,33.074455,147045300,32.895538,0.005438944333422846
48.599998,54.860001000000004,46.5,52.029999,35.806576,177796800,33.074455,0.08260517066721129
52.099998,57.509997999999996,51.52,56.32,38.825790000000005,169673200,35.806576,0.08432009807360541
56.32,56.950001,51.630001,52.610001000000004,36.268204,190744000,38.825790000000005,-0.0658733795242803
52.959998999999996,55.59,52.119999,53.669998,36.998955,166620900,36.268204,0.020148530100911666
53.5,57.700001,53.0,55.91,38.606255,157989300,36.998955,0.04344176747694628
55.720001,59.48,54.779999,59.169998,40.857334,136669300,38.606255,0.058308660086299646
58.959998999999996,60.200001,55.799999,55.849998,38.564831,175100700,40.857334,-0.0561099507863142
56.02,59.639998999999996,56.009997999999996,58.950001,40.705405999999996,152140600,38.564831,0.0555058830673989
58.77,59.93,54.360001000000004,55.639998999999996,38.480511,172384700,40.705405999999996,-0.05465846477492442
55.639998999999996,55.66,50.5,53.049999,36.689281,280065600,38.480511,-0.046549018021096455
53.349998,54.950001,51.580002,53.849998,37.307884,201663800,36.689281,0.016860592062297508
54.200001,60.150002,54.150002,59.560001,41.26384,225419200,37.307884,0.10603538919548483
59.669998,61.310001,57.27,59.689999,41.353901,222337300,41.26384,0.0021825646861755033
58.75,60.139998999999996,56.150002,57.0,39.57901,193281000,41.353901,-0.04291955431242156
57.0,57.52,53.450001,55.73,38.697165999999996,205337100,39.57901,-0.02228059772086266
55.450001,57.830002,51.93,52.5,36.540397999999996,214484500,38.697165999999996,-0.05573452071399754
53.099998,54.189999,51.5,53.009997999999996,36.895344,210007000,36.540397999999996,0.009713796768168859
53.02,54.970001,51.080002,52.669998,36.658703,186258300,36.895344,-0.006413844521953704
52.459998999999996,53.959998999999996,51.099998,53.200001,37.115359999999995,206640300,36.658703,0.012456987362591487
53.5,54.380001,51.91,53.919998,37.617683,185838900,37.115359999999995,0.013534100167693408
53.919998,57.889998999999996,52.060001,52.060001,36.320045,238267700,37.617683,-0.034495425994205964
52.5,53.650002,52.0,52.82,36.850258000000004,231643800,36.320045,0.01459835746348892
53.75,54.599998,52.220001,52.400002,36.646282,183923700,36.850258000000004,-0.005535266537347039
52.400002,53.740002000000004,51.099998,51.610001000000004,36.093784,181560100,36.646282,-0.015076508989370296
52.009997999999996,53.490002000000004,50.060001,50.110001000000004,35.044734999999996,373812500,36.093784,-0.029064533660422054
50.25,50.5,46.200001,47.139998999999996,33.064846,337397100,35.044734999999996,-0.05649604712376888
47.48,49.459998999999996,46.599998,47.23,33.127968,255131200,33.064846,0.0019090365640899165
47.25,50.299999,47.209998999999996,48.200001,33.916618,238335200,33.127968,0.023806168854062948
48.25,50.689999,48.150002,49.349998,34.725807,183397900,33.916618,0.023858186568012307
49.619999,49.869999,44.700001,44.959998999999996,31.636732000000002,280401100,34.725807,-0.08895617602205763
44.950001,46.48,42.310001,43.82,30.932077000000003,445029400,31.636732000000002,-0.02227331824285772
44.150002,47.549999,43.299999,47.310001,33.395641,309168500,30.932077000000003,0.07964431227815694
47.119999,50.869999,46.610001000000004,48.560001,34.277988,267771900,33.395641,0.026421023031119706
48.59,49.740002000000004,46.75,46.799999,33.035656,258541900,34.277988,-0.03624285065972943
46.360001000000004,46.950001,44.540001000000004,46.110001000000004,32.647568,322518700,33.035656,-0.01174754937513589
46.049999,47.02,44.52,45.360001000000004,32.116558000000005,236340600,32.647568,-0.016264917497070375
45.360001000000004,48.869999,44.860001000000004,47.240002000000004,33.447651,267987900,32.116558000000005,0.04144569290395306
47.27,47.310001,44.990002000000004,45.029999,32.000938,197107100,33.447651,-0.04325305235934218
45.919998,50.0,45.540001000000004,48.450001,34.431385,302008400,32.000938,0.07594924248782964
48.25,49.189999,46.549999,48.169998,34.352455,245733000,34.431385,-0.0022923852758174323
47.75,48.049999,42.310001,44.5,31.735215999999998,269589700,34.352455,-0.07618782995276474
44.349998,45.450001,43.48,44.720001,31.892101,237088700,31.735215999999998,0.00494356175171462
45.0,49.950001,44.02,49.32,35.305725,265210400,31.892101,0.10703666089606334
48.619999,52.150002,47.639998999999996,49.279999,35.277091999999996,365494300,35.305725,-0.0008110016151773314
49.380001,49.700001,45.970001,46.099998,33.000687,371959900,35.277091999999996,-0.06452927015639487
46.0,46.889998999999996,44.799999,46.18,33.057957,278046300,33.000687,0.0017354184171984866
47.09,48.779999,46.509997999999996,47.689999,34.265007000000004,289921200,33.057957,0.036513145685318715
47.509997999999996,50.419998,47.439999,48.310001,34.710464,278003300,34.265007000000004,0.013000347555743863
47.779999,48.32,45.060001,46.950001,33.733307,347369500,34.710464,-0.028151654786291447
47.060001,49.950001,46.830002,47.919998,34.595058,257144500,33.733307,0.025545998202903597
47.919998,48.880001,46.32,47.599998,34.364033,309199900,34.595058,-0.006677976952661924
47.900002,51.439999,47.689999,48.110001000000004,34.893433,443564800,34.364033,0.015405642288843113
48.200001,49.259997999999996,45.73,45.950001,33.326824,345381600,34.893433,-0.044896958118165076
46.049999,48.419998,42.919998,43.630001,31.644159000000002,561399200,33.326824,-0.05048980965002847
43.509997999999996,45.049999,42.09,43.650002,31.818401,376154000,31.644159000000002,0.005506292646298538
43.830002,47.700001,43.27,45.209998999999996,32.955563,437028000,31.818401,0.03573913095130066
44.700001,48.23,42.5,47.900002,34.916409,432340500,32.955563,0.059499696606609476
47.709998999999996,50.049999,46.869999,47.529999,34.646709,304526500,34.916409,-0.00772416201219317
47.41,51.299999,43.110001000000004,50.740002000000004,37.153339,594609500,34.646709,0.0723482856625719
50.900002,51.57,47.84,49.59,36.311268,476630200,37.153339,-0.022664746229134503
49.43,54.150002,48.639998999999996,52.68,38.573859999999996,490180000,36.311268,0.06231101596341926
53.189999,59.040001000000004,52.810001,57.98,42.656704,439232000,38.573859999999996,0.1058448389660771
58.200001,59.09,55.049999,57.740002000000004,42.480133,392991100,42.656704,-0.0041393493505732515
57.41,59.950001,55.849998,56.200001,41.52158,443348300,42.480133,-0.02256473632038769
56.0,59.560001,55.34,58.619999,43.309517,495577900,41.52158,0.04306042785462405
58.75,61.0,56.810001,59.07,43.641979,395839100,43.309517,0.0076764190189422266
59.900002,63.849998,57.740002000000004,59.889998999999996,44.426272999999995,560153900,43.641979,0.017971091549262574
59.509997999999996,60.299999,47.400002,55.810001,41.399741999999996,748361300,44.426272999999995,-0.06812480083575767
56.759997999999996,57.25,50.200001,55.880001,41.451653,514798100,41.399741999999996,0.0012538967030277792
55.369999,59.23,52.220001,56.060001,41.585190000000004,469411500,41.451653,0.003221512058879883
55.98,57.509997999999996,46.919998,47.119999,35.104725,518547200,41.585190000000004,-0.15583588772829948
46.57,50.669998,46.25,49.240002000000004,36.684143,509033200,35.104725,0.044991607255148613
48.810001,53.0,47.0,52.099998,38.814861,545295500,36.684143,0.058082807059169905
51.380001,54.57,47.639998999999996,50.400002,37.760166,450522100,38.814861,-0.027172453354914805
50.5,51.380001,48.119999,49.740002000000004,37.265682,377048900,37.760166,-0.013095387345489984
50.18,51.75,48.02,48.439999,36.487411,417698500,37.265682,-0.020884389020439653
48.549999,50.43,47.349998,49.880001,37.572094,369068900,36.487411,0.029727595635656412
50.220001,52.560001,48.75,50.869999,38.317814,344252000,37.572094,0.019847709313193906
50.810001,52.099998,48.73,49.09,37.179859,375673300,38.317814,-0.0296978058299463
49.07,52.0,48.73,49.68,37.626723999999996,374017800,37.179859,0.012019007387843894
49.810001,55.09,49.52,54.549999,41.315163,306009700,37.626723999999996,0.09802710966811778
54.849998,55.080002,52.310001,53.450001,40.482040000000005,264681300,41.315163,-0.02016506627360981
53.740002000000004,55.200001,52.509997999999996,53.43,40.670963,291591500,40.482040000000005,0.0046668349717553514
53.619999,54.5,52.66,54.07,41.158127,278505000,40.670963,0.011978177157988545
54.040001000000004,56.27,53.150002,55.599998,42.322769,270764400,41.158127,0.028296768703784725
55.75,55.900002,53.52,53.639998999999996,41.060947,282951100,42.322769,-0.029814259081205274
53.880001,54.950001,50.0,50.560001,38.703243,398119000,41.060947,-0.057419620643430314
50.799999,52.080002,48.009997999999996,48.07,37.010940999999995,390548500,38.703243,-0.043725069757074464
48.099998,51.810001,47.77,51.189999,39.413143,280340800,37.010940999999995,0.06490518573953596
51.549999,52.48,50.0,50.139998999999996,38.604698,272559100,39.413143,-0.020512066241456517
50.490002000000004,54.389998999999996,50.459998999999996,53.52,41.447594,216284000,38.604698,0.07364119258231216
53.599998,54.82,52.93,54.169998,41.950981,208445100,41.447594,0.012145144058301582
54.049999,55.720001,53.43,54.09,41.889038,241802400,41.950981,-0.0014765566507253247
54.419998,55.34,53.139998999999996,53.93,41.76511,246182100,41.889038,-0.002958482837443044
54.23,57.900002,53.540001000000004,56.07,43.662548,260656500,41.76511,0.04543117448990319
56.369999,56.73,51.52,51.98,40.477612,276839200,43.662548,-0.07294434580409737
52.16,53.880001,50.970001,52.049999,40.532097,279247300,40.477612,0.001346052726628244
52.25,55.16,51.919998,54.98,43.113838,177992800,40.532097,0.06369621093130218
55.080002,56.470001,54.189999,55.220001,43.302029,195699000,43.113838,0.004364979058463669
54.98,55.169998,51.790001000000004,53.139998999999996,41.946659000000004,282564700,43.302029,-0.0313003808666793
53.189999,54.810001,52.669998,52.709998999999996,41.60725,198103900,41.946659000000004,-0.008091442991919884
52.790001000000004,53.490002000000004,48.310001,53.189999,41.986129999999996,424527100,41.60725,0.009106105306166512
53.200001,53.549999,49.939999,51.900002,41.264229,275866100,41.986129999999996,-0.01719379709442126
51.880001,57.959998999999996,51.630001,56.720001,45.096484999999994,268820500,41.264229,0.09287114027987764
55.82,59.400002,55.68,58.900002,46.829735,222113300,45.096484999999994,0.03843425934415956
58.639998999999996,60.0,57.419998,59.759997999999996,47.513496,193606900,46.829735,0.014601000838463163
59.970001,62.0,58.369999,61.360001000000004,49.090439,163577000,47.513496,0.033189370026571074
61.790001000000004,62.630001,58.209998999999996,59.080002,47.266354,199314500,49.090439,-0.03715764285587264
59.360001000000004,61.5,58.639998999999996,61.200001,48.96244,185822200,47.266354,0.035883580104359325
61.080002,62.490002000000004,57.18,58.91,47.445801,251787900,48.96244,-0.03097556004153379
58.950001,66.660004,58.27,65.82,53.011089,247098000,47.445801,0.11729779838683707
65.43,69.720001,65.129997,69.720001,56.533154,229264800,53.011089,0.06644015556820593
69.599998,75.239998,69.150002,74.43,60.352306000000006,210686500,56.533154,0.0675559690159866
74.699997,74.959999,71.349998,72.599998,58.868439,163618500,60.352306000000006,-0.024586749013368325
72.769997,75.190002,72.57,73.800003,60.165115,121605000,58.868439,0.022026675448282296
73.800003,77.599998,73.629997,75.019997,61.159702,144858200,60.165115,0.016530958180666744
75.129997,75.160004,67.650002,72.019997,58.713969999999996,193687500,61.159702,-0.039989272675004295
72.110001,72.699997,67.370003,68.230003,55.624184,198433700,58.713969999999996,-0.0526243754254736
68.93,70.440002,67.720001,69.949997,57.342873,152007900,55.624184,0.0308982330419445
70.110001,71.959999,68.129997,70.779999,58.023262,205455800,57.342873,0.011865275742288128
70.779999,75.110001,70.779999,74.83000200000001,61.34333,151456500,58.023262,0.05721960271726889
75.0,79.5,74.900002,77.720001,64.12352,165085800,61.34333,0.04532179782219181
77.849998,79.959999,74.82,74.839996,61.747337,162295100,64.12352,-0.03705634063756946
75.059998,76.870003,72.900002,74.489998,61.827179,162608600,61.747337,0.001293043617411449
74.989998,78.690002,74.089996,77.940002,64.690735,113025400,61.827179,0.046315488532963744
78.41999799999999,79.0,72.230003,72.980003,60.573898,133848900,64.690735,-0.06363874208570985
73.480003,76.730003,72.190002,73.959999,61.760070999999996,124109700,60.573898,0.019582246465300823
73.870003,77.629997,71.510002,76.75,64.089836,150995900,61.760070999999996,0.037722835519408804
76.970001,81.349998,76.589996,81.010002,67.647133,113143600,64.089836,0.055504854155033145
80.889999,81.370003,76.809998,78.690002,65.709846,117743800,67.647133,-0.028638124249848018
78.720001,79.470001,73.639999,74.68,62.7243,146048800,65.709846,-0.04543529138692548
74.190002,75.989998,72.269997,74.699997,62.741096,140708800,62.7243,0.00026777500904762164
74.489998,77.529999,73.83000200000001,76.43,64.194138,143316900,62.741096,0.023159334035222967
76.760002,79.989998,76.290001,79.709999,67.380974,133598600,64.194138,0.04964372292061925
79.730003,79.760002,75.239998,76.769997,64.895699,121597900,67.380974,-0.03688392809519203
76.58000200000001,77.760002,74.66999799999999,75.07,63.85154,125875700,64.895699,-0.016089802808041176
75.269997,77.57,73.540001,73.58000200000001,62.584213,120165500,63.85154,-0.01984802559186516
73.32,76.199997,72.769997,75.5,64.217262,114715100,62.584213,0.02609362524060188
75.41999799999999,77.730003,75.410004,76.470001,65.47081800000001,120321400,64.217262,0.01952054573737505
76.510002,79.370003,72.610001,76.269997,65.299591,177386600,65.47081800000001,-0.0026153178657398746
76.349998,88.089996,75.589996,87.540001,74.94854000000001,159253200,65.299591,0.14776430988671896
86.720001,87.440002,82.650002,85.879997,73.527328,138945800,74.94854000000001,-0.018962504139507064
86.269997,90.970001,84.900002,84.980003,73.163246,158927700,73.527328,-0.004951655525956222
84.790001,88.0,82.550003,83.93,72.259247,138540500,73.163246,-0.012355917067977007
83.93,84.0,80.540001,82.25,70.812836,142533000,72.259247,-0.020016967516973905
82.279999,82.279999,77.550003,78.050003,67.60051,143685100,70.812836,-0.045363611761009004
78.199997,79.940002,74.150002,74.269997,64.326576,151125700,67.60051,-0.04843061095249124
74.690002,75.199997,70.779999,70.93,61.821453000000005,176565700,64.326576,-0.03894382626552351
71.599998,74.139999,70.360001,71.980003,62.73661,150420400,61.821453000000005,0.014803226963947091
71.839996,73.690002,61.5,64.730003,56.417632999999995,227361100,62.73661,-0.10072232146429339
63.799999,67.010002,62.919998,64.839996,56.899387,190814000,56.417632999999995,0.008539067918712728
64.760002,67.949997,57.16,57.240002000000004,50.230118,347169000,56.899387,-0.11721161424814652
57.290001000000004,61.470001,56.299999,58.84,51.634182,224629400,50.230118,0.027952631924934135
59.130001,61.869999,58.32,61.299999,53.792919,226975100,51.634182,0.0418082928088217
60.5,66.529999,60.200001,66.360001,58.721012,264665800,53.792919,0.09161229938089077
65.910004,68.199997,62.349998,66.339996,58.70332,263102700,58.721012,-0.00030128908541293686
66.650002,69.190002,64.879997,68.489998,60.605835,203107900,58.70332,0.03240898470478326
68.019997,70.08000200000001,66.360001,66.870003,59.610381999999994,141253600,60.605835,-0.016425035642195218
66.620003,71.379997,62.720001,70.779999,63.095859999999995,232976200,59.610381999999994,0.05847098916427007
70.5,73.190002,70.150002,73.019997,65.569283,185919600,63.095859999999995,0.03920103474300851
73.129997,74.349998,72.41999799999999,72.970001,65.524376,137723500,65.569283,-0.0006848786191545608
72.809998,75.190002,70.889999,71.440002,64.15049,212460000,65.524376,-0.020967555646771774
71.57,73.190002,70.300003,72.120003,65.204453,176983900,64.15049,0.01642953935347946
71.83000200000001,72.57,67.07,70.019997,63.305808999999996,170716200,65.204453,-0.029118318038800273
69.980003,72.089996,68.120003,70.43,63.676479,210370600,63.305808999999996,0.005855228862172934
70.25,72.480003,68.83000200000001,69.120003,62.492111,162527500,63.676479,-0.018599772138782944
69.239998,69.629997,65.279999,66.739998,60.77219399999999,181828000,62.492111,-0.027522145955351185
66.459999,72.800003,66.040001,70.93,64.587532,207967400,60.77219399999999,0.06278098171015523
70.970001,72.559998,69.33000200000001,72.08000200000001,65.634697,191103100,64.587532,0.01621311370126377
72.08000200000001,75.769997,71.379997,75.18,68.960861,127527200,65.634697,0.05067691559542031
75.089996,79.440002,74.959999,78.599998,72.097954,182345800,68.960861,0.04549091984219866
78.639999,80.470001,73.290001,75.68,69.88404799999999,247520700,72.097954,-0.03070691853474805
75.839996,80.339996,73.129997,79.989998,73.86398299999999,143448100,69.88404799999999,0.05695055043176667
80.25,81.989998,77.5,78.07,72.091026,203652700,73.86398299999999,-0.02400299750962509
78.309998,81.120003,77.730003,78.139999,72.609543,161153600,72.091026,0.007192531841619276
77.900002,89.110001,77.5,87.309998,81.130486,198775100,72.609543,0.11735293527463742
87.07,100.129997,87.0,97.230003,90.348389,222703100,81.130486,0.1136182396343588
97.610001,99.910004,96.139999,98.75,91.760826,166774100,90.348389,0.015633228391045195
99.300003,109.980003,98.519997,106.599998,99.577271,169694600,91.760826,0.08518280992806226
105.959999,106.559998,90.0,90.010002,84.0802,307532700,99.577271,-0.15562859721271127
90.16999799999999,90.5,85.279999,88.970001,83.108704,256003000,84.0802,-0.01155439687346127
88.0,89.660004,84.839996,88.459999,83.124962,163581800,83.108704,0.00019562331281197665
87.66999799999999,88.099998,81.779999,82.540001,77.562004,248483300,83.124962,-0.06692283360081408
83.040001,87.489998,82.370003,85.650002,80.991501,185619400,77.562004,0.044216198952260255
85.650002,89.660004,83.400002,89.230003,84.37677,117596900,80.991501,0.04179783012047156
88.860001,100.209999,87.620003,95.860001,90.646164,205659500,84.37677,0.07430237019027874
95.800003,97.660004,93.690002,93.910004,89.318001,127212500,90.646164,-0.014652169947312998
94.290001,102.599998,92.889999,100.279999,95.376511,216421000,89.318001,0.06783078362893491
99.959999,106.209999,93.309998,97.650002,92.87512199999999,191936600,95.376511,-0.02622646785643068
98.019997,99.589996,85.779999,93.150002,88.595161,186311800,92.87512199999999,-0.046082965037720025
91.639999,99.349998,91.639999,95.83000200000001,91.64149499999999,160739700,88.595161,0.03438488023064812
95.91999799999999,104.18,93.110001,98.989998,94.663368,166799500,91.64149499999999,0.03297494219185326
99.470001,100.489998,95.0,97.529999,93.26718100000001,141147100,94.663368,-0.014748968154186026
97.970001,104.150002,96.790001,102.839996,98.87425999999999,110606900,93.26718100000001,0.06011845688785189
102.769997,103.959999,98.849998,101.440002,97.528252,155764900,98.87425999999999,-0.013613330709124849
101.629997,112.220001,101.400002,110.489998,106.79357900000001,121525000,97.528252,0.09500146685700894
111.300003,115.489998,109.629997,110.379997,106.687256,91286900,106.79357900000001,-0.0009955935646656089
110.32,115.379997,104.839996,114.260002,110.437454,157874200,106.687256,0.035151321166231764
113.68,119.860001,113.489998,118.68,115.27422299999999,105362500,110.437454,0.043796455141024815
118.849998,120.709999,114.58000200000001,117.260002,113.894974,96407600,115.27422299999999,-0.011964938596896735
117.91999799999999,125.379997,117.08000200000001,119.089996,115.672455,116620600,113.894974,0.015606316394610964
119.150002,122.120003,117.41999799999999,118.839996,115.429626,98422700,115.672455,-0.0020992811123443644
118.860001,119.889999,112.68,114.489998,111.703255,127907500,115.429626,-0.032282622140697215
114.900002,119.949997,104.370003,107.68,105.059036,132414100,111.703255,-0.05948097931434493
107.599998,128.080002,102.0,113.620003,110.854446,318954800,105.059036,0.055163365481480264
112.150002,133.380005,111.800003,121.550003,119.116165,207159800,110.854446,0.0745276287790928
121.480003,131.990005,120.779999,124.059998,121.575905,186789700,119.116165,0.02064992606167282
123.440002,124.410004,117.010002,119.779999,117.897949,185852200,121.575905,-0.030252343176059515
119.449997,134.130005,118.220001,129.399994,127.36679099999999,197452100,117.897949,0.08031388230511105
129.91000400000001,141.070007,128.270004,138.850006,136.668304,230008400,127.36679099999999,0.07302934247593651
141.199997,151.330002,134.75,139.91000400000001,138.277802,268657200,136.668304,0.011776673543852478
140.800003,146.600006,137.369995,138.75,137.13133200000001,128995000,138.277802,-0.008291063232260476
140.58999599999999,153.399994,139.029999,152.78999299999998,151.007523,137933500,137.13133200000001,0.10118906305088604
153.600006,153.66000400000001,142.300003,144.149994,142.468323,170368500,151.007523,-0.05654817607994267
144.300003,149.929993,140.350006,140.490005,139.358597,150162900,142.468323,-0.021827490732799548
140.91000400000001,147.5,129.860001,129.919998,128.873703,184999800,139.358597,-0.07523679360807567
131.580002,137.58999599999999,126.279999,135.830002,134.73611499999998,246548100,128.873703,0.045489590688644777
135.940002,141.770004,135.330002,139.91000400000001,139.362701,153121900,134.73611499999998,0.0343381282739228
139.679993,144.580002,135.759995,142.029999,141.474411,174777800,139.362701,0.015152619638162834
142.21000700000002,142.800003,134.399994,141.020004,141.020004,169099900,141.474411,-0.0032119377404582483
